{
"CNRIUuenzf": "wouldn't",
"CNRIncs": "well",
"CNRXInzf": "won't",
"CNRuenzf": "weren't",
"CNRuiepc": "work",
"CNRuiepcs": "world",
"CNRuiezs": "work",
"CNU": "would",
"CNXIuencf": "where",
"CNXUues": "witness",
"CNXuenzf": "wasn't",
"CNieacs": "we've",
"CNieancf": "we're",
"CNieapcs": "we'd",
"CNncs": "will",
"CNnz": "why",
"CNpf": "what",
"CNps": "which",
"CNuiapcs": "would",
"CPR": "can",
"XIUnzf": "can't",
"CPRIUuapc": "contact",
"CPRIUuencf": "counter",
"CPRIUuenzf": "couldn't",
"CPRIUuics": "active",
"CPUuias": "cause",
"CPXIUues": "Congress",
"CRIUuenzf": "shouldn't",
"Cieancs": "she'll",
"Cieapcs": "she'd",
"Cieas": "she's",
"FCNIUuapf": "part",
"FCNIUuiepf": "port",
"FCNRIUuipzf": "right",
"FCNRIUuipzs": "rhythm",
"FCPRIuipcs": "build",
"IUiapf": "about",
"FCPXIuiencf": "before",
"FCPXUapc": "bank",
"FCPXUues": "business",
"FCieapcs": "he'd",
"FCRIUuenzf": "hadn't",
"FCieancs": "he'll",
"FCRIieazf": "health",
"FCRIuep": "help",
"FCRXIuias": "house",
"FCX": "he",
"FCXIuas": "he was",
"FCXIuenzf": "haven't",
"FCXUuepcs": "happened",
"FCieas": "he's",
"FCXuenzf": "hasn't",
"FCcs": "have",
"FCns": "having",
"FCs": "his",
"FN": "and",
"FNuencf": "under",
"FPRuian": "turn",
"FPXIUuepcs": "tucked",
"FPXIuecs": "twelve",
"FPXIuien": "town",
"FPXUuazs": "tank",
"FR": "for",
"FRIUieancf": "father",
"FRIUuencf": "after",
"FRIuiancs": "full",
"FRUuancs": "formal",
"FRUuapf": "format",
"FRUuiencf": "form",
"FRiea": "free",
"FRuicf": "first",
"FU": "few",
"FXIUuepf": "forget",
"FXIuiencs": "follow",
"FZRiea": "three",
"FZXUuizs": "think",
"FZieacs": "they've",
"FZieancf": "they're",
"FZieapcs": "they'd",
"I": "I",
"Iieacs": "I've",
"Iieancs": "I'll",
"Iieapcs": "I'd",
"Iieapzs": "I'm",
"IU": "you",
"NRIUuenzf": "needn't",
"NRIui": "only",
"NRUuancs": "animal",
"NU": "new",
"NXIuias": "news",
"NXIuie": "information",
"NXuipcs": "inside",
"Nucf/FCuiacf": "nuh-huh",
"XUuinz": "any",
"PRIieap": "people",
"PRIuapc": "place",
"PRuieps": "approach",
"PRuipc": "price",
"PXIUuepf": "packet",
"PXIUuiancf": "picture",
"R": "are",
"RIUieancs": "it'll",
"RIUieapcs": "it'd",
"RIUieas": "it's",
"RIUs": "its",
"RIUuapc": "act",
"RIUuapcs": "add",
"RXIuencf": "other",
"Rieazf": "earth",
"Rnf": "and",
"Ruenzf": "aren't",
"SCNRI": "all",
"SCNRIUuencs": "little",
"SCNRIUuipzf": "light",
"SCNRuapz": "large",
"SCNXIUuancs": "local",
"SCNXUues": "lens",
"SCNRIUieas": "let's",
"SCNXues": "less",
"SCNXuie": "also",
"SCNiepz/CPuancs": "logical",
"SCPI": "did",
"SCPRIUuenzf": "didn't",
"SCPRIncf": "$",
"SCPRuenzf": "daren't",
"SCPXIUuias": "discuss",
"SCPXIUus/n": "discussion",
"SCPXIuencf": "differ",
"SCPXIuien": "down",
"SCPXuenzf": "doesn't",
"SCPXuinf": "design",
"RIUuienzf": "don't",
"SCRuencf": "over",
"SCRuenz": "every",
"SCRuinz": "very",
"SIuinf": "sign",
"SNRa/FPue": "ingrate",
"SNRes/s": "ingress",
"FNuia": "gnu",
"SPXUuapz": "change",
"SRIUieapf": "state",
"SRIUpzs": "system",
"SRIuef": "self",
"SRIuep": "spell",
"SRieaps": "search",
"SXIUepf/ps": "sketch",
"SXIUuancs": "social",
"SXIUuinz": "sky",
"SXIuipc": "service",
"SXUuapf": "Senate",
"SXUues": "sentence",
"SXiean": "season",
"SXuien": "session",
"SZPIinzf": "mightn't",
"SZPRIUuancs": "mental",
"SZPRIUuipc": "medic",
"SZPRUuenzf": "moment",
"SZPXuianzf": "mustn't",
"SZPcf": "must",
"SZPps": "much",
"Uuecf": "eh",
"X": "is",
"XIuief": "off",
"XUuecs": "even",
"SCPuienzf": "don't",
"Xuazs": "ask",
"Xnzf": "isn't",
"ZNU": "you",
"ZNieacs": "you've",
"ZNieancf": "you're",
"ZNieancs": "you'll",
"ZNieapcs": "you'd",
"ZNuepcs": "yesterday",
"ZNuiancf": "your",
"ZPIuan": "again",
"ZPRuaf": "graph",
"FSCZPNRXIUuieanpzcsf": "Midi4Text by F. Angeloni & P.A. Michela Zucco (licensed under CC BY-SA 4.0 International on 2019-2020)",
"as/Suinf": "assign"
}