{
"CNRiezs": "{work^}",
"CPRIUapc": "{contac^}",
"CPRIUencf": "{counter^}",
"CPRUanzs": "{command^}",
"CPRUen": "{commen^}",
"CPRUu": "{comu^}",
"CPRepc": "{correc^}",
"CPXIen": "{conven^}",
"CPXIencf": "{conver^}",
"CPXIi": "{confi^}",
"CPXUepc": "{connec^}",
"CPXi": "{consi^}",
"CPXis": "{consis^}",
"FCIip": "{hyper^}",
"FCNIUapf": "{part^}",
"FCNIUiepf": "{port^}",
"FCNRIUie": "{retro^}",
"FCNRIuinz": "{^rily}",
"FCPRIUuinz": "{^bility}",
"FNencf": "{under^}",
"FPRIUa": "{tota^}",
"FPRIe": "{tele^}",
"FPRIuinz": "{^tally}",
"FPRUa": "{tima^}",
"FRIUencf": "{after^}",
"FRUa": "{forma^}",
"FRUancs": "{formal^}",
"FRUapf": "{format^}",
"FRUu": "{formu^}",
"FXUues": "{^fulness}",
"Finz": "{sky^}",
"IUancf": "{para^}",
"IUiepf": "{photo^}",
"Ianzf": "{anti^}",
"NRIuinz": "{^nally}",
"NXIUue": "{^ance}",
"NXue": "{^ness}",
"NXues": "{^nesses}",
"PRUis": "{permis^}",
"PXen": "{presen^}",
"PXipc": "{psyco^}",
"PXupcs": "{pseudo^}",
"RIUuancf": "{^ard}",
"SCNRIuinz": "{^ally}",
"SCNXIUuicf": "{^logist}",
"SCNXIUuinz": "{^logy}",
"SCPRIUencf": "{deter^}",
"SCPRIe": "{dele^}",
"SCPRIi": "{deli^}",
"SCPXIUus": "{discuss^}",
"SCPXIi": "{divi^}",
"SCRIi": "{vali^}",
"SCRIie": "{valo^}",
"SCRencf": "{over^}",
"SCRenz": "{every^}",
"SIins": "{sign^}",
"SRIef": "{self^}",
"SZNRa": "{extra^}",
"SZPRUen": "{momen^}",
"SZPXIUa": "{mega^}",
"SZPXIUie": "{micro^}",
"SZPXUie": "{mono^}",
"Uanzf": "{ante^}",
"Uapcs": "{audio^}",
"Uapf": "{auto^}",
"XUnz": "{any^}",
"Xepzs": "{semi^}",
"Xup": "{super^}",
"Iianz": "{^iously}",
"Iian": "{^iousness}",
"ieacs": "{^'ve}",
"ieancf": "{^'re}",
"ieancs": "{^'ll}",
"ieanzf": "{^n't}",
"ieapcs": "{^'d}",
"ieapzs": "{^'m}",
"ieas": "{^'s}",
"ieaz": "{^s'}",
"FSCZPNRXIUuieanpzcsf": "Midi4Text by F. Angeloni & P.A. Michela Zucco (licensed under CC BY-SA 4.0 International on 2019-2020)",
"nf": "{^nd}"
}